佐藤,11
田中,19
田中,66
佐藤,64
伊藤,27
佐藤,70
佐藤,59
伊藤,13
鈴木,26
高橋,35
伊藤,42
高橋,90
伊藤,68
鈴木,77
佐藤,77
鈴木,39
鈴木,85
田中,47
鈴木,30
佐藤,70
佐藤,21
田中,85
伊藤,79
高橋,69
鈴木,13
佐藤,10
伊藤,24
佐藤,78
高橋,93
田中,76
高橋,61
高橋,13
田中,59
鈴木,11
田中,59
鈴木,65
田中,38
伊藤,76
鈴木,48
鈴木,15
鈴木,78
鈴木,50
佐藤,63
田中,89
佐藤,92
高橋,24
田中,35
田中,87
伊藤,40
佐藤,35
佐藤,65
佐藤,56
伊藤,73
佐藤,94
伊藤,84
高橋,55
鈴木,15
高橋,78
伊藤,14
田中,70
田中,19
高橋,19
高橋,19
鈴木,47
佐藤,64
鈴木,90
佐藤,27
伊藤,96
伊藤,71
伊藤,100
伊藤,21
佐藤,28
鈴木,30
佐藤,40
鈴木,78
佐藤,41
伊藤,28
鈴木,96
高橋,37
伊藤,66
田中,73
鈴木,85
鈴木,94
田中,43
田中,44
伊藤,27
佐藤,99
伊藤,38
鈴木,65
佐藤,61
鈴木,29
佐藤,92
高橋,31
鈴木,62
鈴木,33
高橋,40
鈴木,98
高橋,23
田中,18
高橋,38
